SNP	CHR	BP	P	POS
s410307479	4	10307479	1.167958e-02	83893269
s118236150	1	18236150	2.286139e-02	18236150
s55180530	5	5180530	3.003454e-02	97351376
s37049246	3	7049246	4.357046e-02	57175206
s46120778	4	6120778	4.776700e-02	79706568
s46444905	4	6444905	4.851645e-02	80030695
s127290972	1	27290972	7.136092e-02	27290972
s29214341	2	9214341	8.624617e-02	39642012
s26793239	2	6793239	9.173655e-02	37220910
s49590807	4	9590807	9.619149e-02	83176597
s521028166	5	21028166	9.647755e-02	113199012
s526965436	5	26965436	9.678213e-02	119136282
s217350203	2	17350203	1.033560e-01	47777874
s48781165	4	8781165	1.078397e-01	82366955
s129653473	1	29653473	1.130059e-01	29653473
s319036570	3	19036570	1.171224e-01	69162530
s414935025	4	14935025	1.192210e-01	88520815
s516994689	5	16994689	1.244929e-01	109165535
s413774007	4	13774007	1.310239e-01	87359797
s315418284	3	15418284	1.360229e-01	65544244
s521397888	5	21397888	1.365173e-01	113568734
s510622905	5	10622905	1.464759e-01	102793751
s117118588	1	17118588	1.571143e-01	17118588
s37367452	3	7367452	1.617859e-01	57493412
s512550204	5	12550204	1.638679e-01	104721050
s130301929	1	30301929	1.660053e-01	30301929
s321075477	3	21075477	1.786136e-01	71201437
s522266794	5	22266794	1.862832e-01	114437640
s412928892	4	12928892	1.863861e-01	86514682
s410438085	4	10438085	1.882133e-01	84023875
s316745020	3	16745020	1.947577e-01	66870980
s5619487	5	619487	2.023153e-01	92790333
s118801995	1	18801995	2.026588e-01	18801995
s49019554	4	9019554	2.035077e-01	82605344
s112472105	1	12472105	2.046526e-01	12472105
s410100344	4	10100344	2.067005e-01	83686134
s128638942	1	28638942	2.304533e-01	28638942
s124697860	1	24697860	2.324123e-01	24697860
s311352775	3	11352775	2.506018e-01	61478735
s58609040	5	8609040	2.545943e-01	100779886
s315073985	3	15073985	2.566554e-01	65199945
s58983720	5	8983720	2.566827e-01	101154566
s31037215	3	1037215	2.628338e-01	51163175
s16532866	1	6532866	2.633171e-01	6532866
s122788193	1	22788193	2.659999e-01	22788193
s522715910	5	22715910	2.864986e-01	114886756
s1265099	1	265099	2.879560e-01	265099
s54206173	5	4206173	2.896684e-01	96377019
s314794013	3	14794013	2.914094e-01	64919973
s519756987	5	19756987	2.919941e-01	111927833
s514256612	5	14256612	3.090629e-01	106427458
s517681274	5	17681274	3.151883e-01	109852120
s34968273	3	4968273	3.182550e-01	55094233
s416671614	4	16671614	3.189256e-01	90257404
s321112209	3	21112209	3.190626e-01	71238169
s43424518	4	3424518	3.217980e-01	77010308
s116788422	1	16788422	3.242804e-01	16788422
s11240139	1	1240139	3.280001e-01	1240139
s54711687	5	4711687	3.284256e-01	96882533
s513882065	5	13882065	3.285653e-01	106052911
s18586394	1	8586394	3.303222e-01	8586394
s121728065	1	21728065	3.303447e-01	21728065
s526085241	5	26085241	3.350739e-01	118256087
s110735086	1	10735086	3.364286e-01	10735086
s526953894	5	26953894	3.391327e-01	119124740
s513484018	5	13484018	3.410062e-01	105654864
s516686860	5	16686860	3.492757e-01	108857706
s526482346	5	26482346	3.658445e-01	118653192
s410619010	4	10619010	3.692153e-01	84204800
s321946261	3	21946261	3.708666e-01	72072221
s46521986	4	6521986	3.754960e-01	80107776
s113163651	1	13163651	3.878991e-01	13163651
s320828993	3	20828993	3.929354e-01	70954953
s217951742	2	17951742	3.944500e-01	48379413
s37751725	3	7751725	3.973406e-01	57877685
s116975961	1	16975961	4.017566e-01	16975961
s517645238	5	17645238	4.024614e-01	109816084
s525650772	5	25650772	4.076006e-01	117821618
s124853336	1	24853336	4.111769e-01	24853336
s28455196	2	8455196	4.207759e-01	38882867
s46517640	4	6517640	4.254678e-01	80103430
s14637670	1	4637670	4.257083e-01	4637670
s27089227	2	7089227	4.348289e-01	37516898
s29050249	2	9050249	4.355892e-01	39477920
s124373119	1	24373119	4.506704e-01	24373119
s415562769	4	15562769	4.588931e-01	89148559
s32650024	3	2650024	4.594949e-01	52775984
s54054832	5	4054832	4.760190e-01	96225678
s112301549	1	12301549	4.775049e-01	12301549
s54023626	5	4023626	4.782058e-01	96194472
s42505386	4	2505386	4.816746e-01	76091176
s519991835	5	19991835	4.836118e-01	112162681
s38706907	3	8706907	4.856325e-01	58832867
s217162894	2	17162894	4.909486e-01	47590565
s129135413	1	29135413	4.925038e-01	29135413
s219316550	2	19316550	4.944219e-01	49744221
s35318516	3	5318516	4.956476e-01	55444476
s519505105	5	19505105	4.963564e-01	111675951
s57426388	5	7426388	4.987603e-01	99597234
s414535469	4	14535469	5.013988e-01	88121259
s310719687	3	10719687	5.015948e-01	60845647
s411124946	4	11124946	5.025407e-01	84710736
s524188745	5	24188745	5.072571e-01	116359591
s22097290	2	2097290	5.094301e-01	32524961
s111975939	1	11975939	5.098826e-01	11975939
s211271894	2	11271894	5.110957e-01	41699565
s526476146	5	26476146	5.158580e-01	118646992
s517670012	5	17670012	5.169784e-01	109840858
s517304328	5	17304328	5.266729e-01	109475174
s33991983	3	3991983	5.375541e-01	54117943
s217283923	2	17283923	5.426503e-01	47711594
s1292581	1	292581	5.439541e-01	292581
s59145691	5	9145691	5.569869e-01	101316537
s3679078	3	679078	5.630934e-01	50805038
s412149028	4	12149028	5.640401e-01	85734818
s59908221	5	9908221	5.727087e-01	102079067
s52488297	5	2488297	5.784817e-01	94659143
s125882024	1	25882024	5.807470e-01	25882024
s122929678	1	22929678	5.849878e-01	22929678
s217166391	2	17166391	5.959428e-01	47594062
s410726102	4	10726102	6.034087e-01	84311892
s416936926	4	16936926	6.034936e-01	90522716
s413996155	4	13996155	6.034944e-01	87581945
s48002636	4	8002636	6.038069e-01	81588426
s45922864	4	5922864	6.060425e-01	79508654
s129050431	1	29050431	6.090969e-01	29050431
s49422505	4	9422505	6.093756e-01	83008295
s518627646	5	18627646	6.204720e-01	110798492
s16299669	1	6299669	6.240292e-01	6299669
s123129422	1	23129422	6.244041e-01	23129422
s34951389	3	4951389	6.248242e-01	55077349
s54342418	5	4342418	6.278742e-01	96513264
s113872106	1	13872106	6.372466e-01	13872106
s415796223	4	15796223	6.454955e-01	89382013
s317318919	3	17318919	6.465946e-01	67444879
s124487378	1	24487378	6.470125e-01	24487378
s517727256	5	17727256	6.517420e-01	109898102
s514084610	5	14084610	6.519503e-01	106255456
s413837196	4	13837196	6.610992e-01	87422986
s121689486	1	21689486	6.616528e-01	21689486
s111926082	1	11926082	6.645410e-01	11926082
s49404873	4	9404873	6.713005e-01	82990663
s218442072	2	18442072	6.803439e-01	48869743
s526518090	5	26518090	6.813299e-01	118688936
s127134149	1	27134149	6.841797e-01	27134149
s1415139	1	415139	6.910877e-01	415139
s38583908	3	8583908	6.912641e-01	58709868
s33568854	3	3568854	6.962245e-01	53694814
s45425729	4	5425729	7.043787e-01	79011519
s518265376	5	18265376	7.048219e-01	110436222
s517020593	5	17020593	7.048786e-01	109191439
s110163218	1	10163218	7.105988e-01	10163218
s511486267	5	11486267	7.191017e-01	103657113
s116759973	1	16759973	7.209654e-01	16759973
s519651043	5	19651043	7.249003e-01	111821889
s28570695	2	8570695	7.269497e-01	38998366
s319774941	3	19774941	7.457006e-01	69900901
s130213456	1	30213456	7.548599e-01	30213456
s51137288	5	1137288	7.561766e-01	93308134
s59203906	5	9203906	7.609272e-01	101374752
s15032700	1	5032700	7.708013e-01	5032700
s53990118	5	3990118	7.743587e-01	96160964
s58440352	5	8440352	7.757406e-01	100611198
s123008242	1	23008242	7.808725e-01	23008242
s510511930	5	10511930	7.819080e-01	102682776
s16160097	1	6160097	7.867382e-01	6160097
s56555811	5	6555811	7.871387e-01	98726657
s312239757	3	12239757	7.894897e-01	62365717
s310507745	3	10507745	8.094426e-01	60633705
s55766383	5	5766383	8.125887e-01	97937229
s32174067	3	2174067	8.180273e-01	52300027
s5162333	5	162333	8.193792e-01	92333179
s35363754	3	5363754	8.200471e-01	55489714
s1861474	1	861474	8.212576e-01	861474
s514782153	5	14782153	8.223829e-01	106952999
s418124180	4	18124180	8.274798e-01	91709970
s16309163	1	6309163	8.281512e-01	6309163
s415159738	4	15159738	8.282672e-01	88745528
s29595963	2	9595963	8.411840e-01	40023634
s520760275	5	20760275	8.508380e-01	112931121
s58338447	5	8338447	8.534840e-01	100509293
s27715372	2	7715372	8.612794e-01	38143043
s16693747	1	6693747	8.633025e-01	6693747
s125523419	1	25523419	8.656083e-01	25523419
s515334006	5	15334006	8.662620e-01	107504852
s518542222	5	18542222	8.663763e-01	110713068
s316307046	3	16307046	8.705492e-01	66433006
s46875499	4	6875499	8.745120e-01	80461289
s312140785	3	12140785	8.848470e-01	62266745
s48114700	4	8114700	8.859486e-01	81700490
s310387573	3	10387573	8.883470e-01	60513533
s28719388	2	8719388	8.897927e-01	39147059
s413494713	4	13494713	8.916884e-01	87080503
s42982877	4	2982877	8.944228e-01	76568667
s5417917	5	417917	8.963829e-01	92588763
s129776955	1	29776955	8.965965e-01	29776955
s26890130	2	6890130	8.977830e-01	37317801
s121074469	1	21074469	8.988890e-01	21074469
s510128725	5	10128725	9.038075e-01	102299571
s33732343	3	3732343	9.053130e-01	53858303
s38431532	3	8431532	9.056755e-01	58557492
s216326115	2	16326115	9.119560e-01	46753786
s45441209	4	5441209	9.166509e-01	79026999
s124913440	1	24913440	9.215348e-01	24913440
s49737950	4	9737950	9.240111e-01	83323740
s29154761	2	9154761	9.278174e-01	39582432
s315206592	3	15206592	9.344832e-01	65332552
s110674259	1	10674259	9.362223e-01	10674259
s126179832	1	26179832	9.492800e-01	26179832
s110362043	1	10362043	9.617199e-01	10362043
s111769672	1	11769672	9.786358e-01	11769672
s49478012	4	9478012	9.788951e-01	83063802
s128327665	1	28327665	9.871994e-01	28327665
s322893106	3	22893106	9.878675e-01	73019066
s320416417	3	20416417	9.881040e-01	70542377
s517541928	5	17541928	9.909229e-01	109712774
s58245654	5	8245654	9.961863e-01	100416500
